_sa_instance_state, experimental_condition, timestamp_start, user_id
"<sqlalchemy.orm.state.InstanceState object at 0x7fc4da97efd0>","condition6","2023-08-02 15:18:47.694339","78515381508",
"<sqlalchemy.orm.state.InstanceState object at 0x7fc4da9820a0>","condition3","2023-08-02 15:20:12.271766","59262675091",
"<sqlalchemy.orm.state.InstanceState object at 0x7fc4da982130>","condition2","2023-08-02 15:26:47.359153","22",
"<sqlalchemy.orm.state.InstanceState object at 0x7fc4da9821f0>","condition4","2023-08-02 16:33:18.019707","96996425862",
"<sqlalchemy.orm.state.InstanceState object at 0x7fc4da9822b0>","condition1","2023-08-03 09:18:24.546590","81139869510",
"<sqlalchemy.orm.state.InstanceState object at 0x7fc4da982370>","condition1","2023-08-03 12:35:49.259777","67987039440",
"<sqlalchemy.orm.state.InstanceState object at 0x7fc4da982430>","condition2","2023-08-03 12:50:10.646745","33",
"<sqlalchemy.orm.state.InstanceState object at 0x7fc4da9824f0>","condition2","2023-08-03 12:58:00.563231","40",
"<sqlalchemy.orm.state.InstanceState object at 0x7fc4da9825b0>","condition4","2023-08-04 14:48:06.657812","27439261486",
"<sqlalchemy.orm.state.InstanceState object at 0x7fc4da982670>","condition6","2023-08-04 14:48:24.676491","37328421934",
"<sqlalchemy.orm.state.InstanceState object at 0x7fc4da982730>","condition2","2023-08-04 14:48:40.191625","91808008668",
"<sqlalchemy.orm.state.InstanceState object at 0x7fc4da9827f0>","condition5","2023-08-04 14:49:09.022742","50975512759",
"<sqlalchemy.orm.state.InstanceState object at 0x7fc4da9828b0>","condition3","2023-08-04 14:49:11.496452","18243355529",
"<sqlalchemy.orm.state.InstanceState object at 0x7fc4da982970>","condition6","2023-08-04 14:51:44.617521","41342490783",
"<sqlalchemy.orm.state.InstanceState object at 0x7fc4da982a30>","condition3","2023-08-04 14:52:02.819597","81248111857",
"<sqlalchemy.orm.state.InstanceState object at 0x7fc4da982af0>","condition5","2023-08-04 14:52:31.168906","92213352748",
"<sqlalchemy.orm.state.InstanceState object at 0x7fc4da982bb0>","condition2","2023-08-04 14:52:58.519101","91178844387",
"<sqlalchemy.orm.state.InstanceState object at 0x7fc4da982c70>","condition1","2023-08-04 14:53:44.722559","90485814111",
"<sqlalchemy.orm.state.InstanceState object at 0x7fc4da982d30>","condition4","2023-08-04 14:54:36.786604","43178106246",
"<sqlalchemy.orm.state.InstanceState object at 0x7fc4da982df0>","condition5","2023-08-04 14:55:07.757357","25254867740",
"<sqlalchemy.orm.state.InstanceState object at 0x7fc4da982eb0>","condition4","2023-08-04 14:55:16.282992","41653166946",
"<sqlalchemy.orm.state.InstanceState object at 0x7fc4da982f70>","condition6","2023-08-04 14:55:54.732481","24394114052",
"<sqlalchemy.orm.state.InstanceState object at 0x7fc4da7c8070>","condition3","2023-08-04 14:56:33.235966","27392750473",
"<sqlalchemy.orm.state.InstanceState object at 0x7fc4da7c8130>","condition3","2023-08-04 14:56:41.293226","86199520640",
"<sqlalchemy.orm.state.InstanceState object at 0x7fc4da7c81f0>","condition2","2023-08-04 14:57:54.362531","89877907719",
"<sqlalchemy.orm.state.InstanceState object at 0x7fc4da7c82b0>","condition1","2023-08-04 14:58:24.366228","95292523500",
"<sqlalchemy.orm.state.InstanceState object at 0x7fc4da7c8370>","condition5","2023-08-04 14:58:58.404345","32011887559",
"<sqlalchemy.orm.state.InstanceState object at 0x7fc4da7c8430>","condition6","2023-08-04 15:00:37.605091","64160476867",
"<sqlalchemy.orm.state.InstanceState object at 0x7fc4da7c84f0>","condition2","2023-08-04 15:01:10.712145","33406357842",
"<sqlalchemy.orm.state.InstanceState object at 0x7fc4da7c85b0>","condition4","2023-08-04 15:01:56.876328","34685105076",
"<sqlalchemy.orm.state.InstanceState object at 0x7fc4da7c8670>","condition2","2023-08-04 15:02:03.571507","55244389432",
"<sqlalchemy.orm.state.InstanceState object at 0x7fc4da7c8730>","condition6","2023-08-04 15:02:11.283713","38509956127",
"<sqlalchemy.orm.state.InstanceState object at 0x7fc4da7c87f0>","condition5","2023-08-04 15:02:12.796317","66632171806",
"<sqlalchemy.orm.state.InstanceState object at 0x7fc4da7c88b0>","condition4","2023-08-04 15:02:28.849143","50753090975",
"<sqlalchemy.orm.state.InstanceState object at 0x7fc4da7c8970>","condition1","2023-08-04 15:03:13.343360","44304752049",
"<sqlalchemy.orm.state.InstanceState object at 0x7fc4da7c8a30>","condition1","2023-08-04 15:03:38.856123","47714309471",
"<sqlalchemy.orm.state.InstanceState object at 0x7fc4da7c8af0>","condition4","2023-08-04 15:03:42.644925","36531629397",
"<sqlalchemy.orm.state.InstanceState object at 0x7fc4da7c8bb0>","condition3","2023-08-04 15:04:11.531801","63406780995",
"<sqlalchemy.orm.state.InstanceState object at 0x7fc4da7c8c70>","condition2","2023-08-04 15:05:05.505971","26697166734",
"<sqlalchemy.orm.state.InstanceState object at 0x7fc4da7c8d30>","condition3","2023-08-04 15:05:11.944851","55758669085",
"<sqlalchemy.orm.state.InstanceState object at 0x7fc4da7c8df0>","condition6","2023-08-04 15:05:29.990849","93291114706",
"<sqlalchemy.orm.state.InstanceState object at 0x7fc4da7c8eb0>","condition2","2023-08-04 15:05:33.784630","48404754244",
"<sqlalchemy.orm.state.InstanceState object at 0x7fc4da7c8f70>","condition1","2023-08-04 15:05:37.705963","11461355544",
"<sqlalchemy.orm.state.InstanceState object at 0x7fc4da7cd070>","condition4","2023-08-04 15:07:01.292768","84655769353",
"<sqlalchemy.orm.state.InstanceState object at 0x7fc4da7cd130>","condition5","2023-08-04 15:08:10.257597","74491655679",
"<sqlalchemy.orm.state.InstanceState object at 0x7fc4da7cd1f0>","condition1","2023-08-04 15:09:14.504367","96236831645",
"<sqlalchemy.orm.state.InstanceState object at 0x7fc4da7cd2b0>","condition4","2023-08-04 15:09:39.263892","61104633978",
"<sqlalchemy.orm.state.InstanceState object at 0x7fc4da7cd370>","condition6","2023-08-04 15:09:51.816798","90416693061",
"<sqlalchemy.orm.state.InstanceState object at 0x7fc4da7cd430>","condition3","2023-08-04 15:10:11.408519","22245796227",
"<sqlalchemy.orm.state.InstanceState object at 0x7fc4da7cd4f0>","condition3","2023-08-04 15:10:33.087165","28565016000",
"<sqlalchemy.orm.state.InstanceState object at 0x7fc4da7cd5b0>","condition3","2023-08-04 15:11:54.249580","50823678963",
"<sqlalchemy.orm.state.InstanceState object at 0x7fc4da7cd670>","condition5","2023-08-04 15:12:18.111363","86701939858",
"<sqlalchemy.orm.state.InstanceState object at 0x7fc4da7cd730>","condition1","2023-08-04 15:12:32.770139","31481318683",
"<sqlalchemy.orm.state.InstanceState object at 0x7fc4da7cd7f0>","condition4","2023-08-04 15:13:33.061027","99039208989",
"<sqlalchemy.orm.state.InstanceState object at 0x7fc4da7cd8b0>","condition5","2023-08-04 15:13:42.091613","91163138565",
"<sqlalchemy.orm.state.InstanceState object at 0x7fc4da7cd970>","condition4","2023-08-04 15:15:24.737428","44663696701",
"<sqlalchemy.orm.state.InstanceState object at 0x7fc4da7cda30>","condition2","2023-08-04 15:16:26.108595","58787411730",
"<sqlalchemy.orm.state.InstanceState object at 0x7fc4da7cdaf0>","condition2","2023-08-04 15:16:43.782863","60139093466",
"<sqlalchemy.orm.state.InstanceState object at 0x7fc4da7cdbb0>","condition5","2023-08-04 15:18:42.789055","98394126594",
"<sqlalchemy.orm.state.InstanceState object at 0x7fc4da7cdc70>","condition2","2023-08-04 15:18:52.416743","15593392346",
"<sqlalchemy.orm.state.InstanceState object at 0x7fc4da7cdd30>","condition4","2023-08-04 15:19:26.707443","84709999680",
"<sqlalchemy.orm.state.InstanceState object at 0x7fc4da7cddf0>","condition1","2023-08-04 15:19:34.285401","44159352537",
"<sqlalchemy.orm.state.InstanceState object at 0x7fc4da7cdeb0>","condition3","2023-08-04 15:19:41.024478","94848803547",
"<sqlalchemy.orm.state.InstanceState object at 0x7fc4da7cdf70>","condition3","2023-08-04 15:19:47.710789","59659610153",
"<sqlalchemy.orm.state.InstanceState object at 0x7fc4da7d3070>","condition6","2023-08-04 15:19:52.203683","92699775712",
"<sqlalchemy.orm.state.InstanceState object at 0x7fc4da7d3130>","condition6","2023-08-04 15:20:44.528203","24429316872",
"<sqlalchemy.orm.state.InstanceState object at 0x7fc4da7d31f0>","condition5","2023-08-04 15:21:17.966253","97384042218",
"<sqlalchemy.orm.state.InstanceState object at 0x7fc4da7d32b0>","condition1","2023-08-04 15:21:19.706801","19949236104",
"<sqlalchemy.orm.state.InstanceState object at 0x7fc4da7d3370>","condition2","2023-08-04 15:22:45.266643","38340691681",
"<sqlalchemy.orm.state.InstanceState object at 0x7fc4da7d3430>","condition2","2023-08-04 15:23:01.528720","76227471802",
"<sqlalchemy.orm.state.InstanceState object at 0x7fc4da7d34f0>","condition6","2023-08-04 15:23:38.038245","72293047190",
"<sqlalchemy.orm.state.InstanceState object at 0x7fc4da7d35b0>","condition5","2023-08-04 15:24:00.998762","59655613829",
"<sqlalchemy.orm.state.InstanceState object at 0x7fc4da7d3670>","condition1","2023-08-04 15:24:04.554820","13226153962",
"<sqlalchemy.orm.state.InstanceState object at 0x7fc4da7d3730>","condition3","2023-08-04 15:25:14.402848","61226884433",
"<sqlalchemy.orm.state.InstanceState object at 0x7fc4da7d37f0>","condition4","2023-08-04 15:25:21.044575","43109818776",
"<sqlalchemy.orm.state.InstanceState object at 0x7fc4da7d38b0>","condition1","2023-08-04 15:26:36.389154","49506049253",
"<sqlalchemy.orm.state.InstanceState object at 0x7fc4da7d3970>","condition4","2023-08-04 15:26:51.538461","87936846113",
"<sqlalchemy.orm.state.InstanceState object at 0x7fc4da7d3a30>","condition5","2023-08-04 15:27:12.015111","28168368521",
"<sqlalchemy.orm.state.InstanceState object at 0x7fc4da7d3af0>","condition2","2023-08-04 19:24:22.913976","61892449581",
"<sqlalchemy.orm.state.InstanceState object at 0x7fc4da7d3bb0>","condition3","2023-08-05 06:48:06.663143","67963043770",
