_sa_instance_state, article_id, exposure_id, max_scroll, primary, read_condition, read_title, timestamp_reads, user_id
"<sqlalchemy.orm.state.InstanceState object at 0x7fc4da79e220>","4b","78515381508/2023-08-02 15:18:47.694339","0","78515381508/4b/condition6/2023-08-02 15:19:34.597822","condition6","Wat houdt de nieuwe transgenderwet in? Wij vroegen transpersonen en -activisten ","2023-08-02 15:19:34.597822","78515381508",
"<sqlalchemy.orm.state.InstanceState object at 0x7fc4da79e1f0>","4b","78515381508/2023-08-02 15:19:34.591987","0","78515381508/4b/condition6/2023-08-02 15:19:42.415488","condition6","Wat houdt de nieuwe transgenderwet in? Wij vroegen transpersonen en -activisten ","2023-08-02 15:19:42.415488","78515381508",
"<sqlalchemy.orm.state.InstanceState object at 0x7fc4da79e2e0>","11a","59262675091/2023-08-02 15:20:12.271766","0","59262675091/11a/condition3/2023-08-02 15:20:22.044704","condition3","Afschuw over postercampagne tegen nieuwe Transgenderwet: 'Misleidend, onnodig en gevaarlijk', zegt transgenderactivist Rico van der Laan","2023-08-02 15:20:22.044704","59262675091",
"<sqlalchemy.orm.state.InstanceState object at 0x7fc4da79e340>","10d","78515381508/2023-08-02 15:19:42.407543","0","78515381508/10d/condition6/2023-08-02 15:20:27.117916","condition6","CU-minister Adema tekende manifest tegen Transgenderwet, D66 vraagt om intrekking","2023-08-02 15:20:27.117916","78515381508",
"<sqlalchemy.orm.state.InstanceState object at 0x7fc4da79e370>","11a","59262675091/2023-08-02 15:20:22.034650","0","59262675091/11a/condition3/2023-08-02 15:21:04.806642","condition3","Afschuw over postercampagne tegen nieuwe Transgenderwet: 'Misleidend, onnodig en gevaarlijk', zegt transgenderactivist Rico van der Laan","2023-08-02 15:21:04.806642","59262675091",
"<sqlalchemy.orm.state.InstanceState object at 0x7fc4da79e460>","11a","59262675091/2023-08-02 15:21:04.801575","0","59262675091/11a/condition3/2023-08-02 15:21:15.937858","condition3","Afschuw over postercampagne tegen nieuwe Transgenderwet: 'Misleidend, onnodig en gevaarlijk', zegt transgenderactivist Rico van der Laan","2023-08-02 15:21:15.937858","59262675091",
"<sqlalchemy.orm.state.InstanceState object at 0x7fc4da79e4c0>","4b","78515381508/2023-08-02 15:20:27.113550","0","78515381508/4b/condition6/2023-08-02 15:21:18.285092","condition6","Wat houdt de nieuwe transgenderwet in? Wij vroegen transpersonen en -activisten ","2023-08-02 15:21:18.285092","78515381508",
"<sqlalchemy.orm.state.InstanceState object at 0x7fc4da79e4f0>","4a","59262675091/2023-08-02 15:21:15.946536","0","59262675091/4a/condition3/2023-08-02 15:22:30.514909","condition3","“Een drastische verbetering”: Nieuwe Transgenderwet zorgt voor zucht van verlichting voor transpersonen","2023-08-02 15:22:30.514909","59262675091",
"<sqlalchemy.orm.state.InstanceState object at 0x7fc4da79e5e0>","5c","22/2023-08-02 15:49:07.668189","0","22/5c/condition2/2023-08-02 15:49:07.672638","condition2","Lang over tijd: Kabinet maakt eindelijk publiekelijk excuses voor vernederende oude Transgenderwet","2023-08-02 15:49:07.672638","22",
"<sqlalchemy.orm.state.InstanceState object at 0x7fc4da79e640>","2a","22/2023-08-02 15:49:07.668189","0","22/2a/condition2/2023-08-02 15:51:26.552271","condition2","Kritiek op nieuwe Transgenderwet is “boosmakend en transfoob”: Transvrouw vertelt over het belang van de wet","2023-08-02 15:51:26.552271","22",
"<sqlalchemy.orm.state.InstanceState object at 0x7fc4da79e670>","11c","22/2023-08-02 15:51:26.550536","0","22/11c/condition2/2023-08-02 15:53:11.112283","condition2","Postercampagne tegen nieuwe Transgenderwet is misleidend, onnodig en gevaarlijk","2023-08-02 15:53:11.112283","22",
"<sqlalchemy.orm.state.InstanceState object at 0x7fc4da79e760>","11c","22/2023-08-02 15:51:26.550536","0","22/11c/condition2/2023-08-02 15:53:11.135104","condition2","Postercampagne tegen nieuwe Transgenderwet is misleidend, onnodig en gevaarlijk","2023-08-02 15:53:11.135104","22",
"<sqlalchemy.orm.state.InstanceState object at 0x7fc4da79e7c0>","4c","22/2023-08-02 15:53:30.188832","0","22/4c/condition2/2023-08-02 15:53:34.889009","condition2","Eindelijk! Nieuwe Transgenderwet haalt vernederende barriers weg voor transgender personen.","2023-08-02 15:53:34.889009","22",
"<sqlalchemy.orm.state.InstanceState object at 0x7fc4da79e7f0>","11c","22/2023-08-02 15:53:51.884797","0","22/11c/condition2/2023-08-02 15:53:51.890453","condition2","Postercampagne tegen nieuwe Transgenderwet is misleidend, onnodig en gevaarlijk","2023-08-02 15:53:51.890453","22",
"<sqlalchemy.orm.state.InstanceState object at 0x7fc4da79e8e0>","4c","22/2023-08-02 15:53:51.884797","0","22/4c/condition2/2023-08-02 15:54:55.896605","condition2","Eindelijk! Nieuwe Transgenderwet haalt vernederende barriers weg voor transgender personen.","2023-08-02 15:54:55.896605","22",
"<sqlalchemy.orm.state.InstanceState object at 0x7fc4da79e940>","4c","22/2023-08-02 15:54:55.894690","0","22/4c/condition2/2023-08-02 15:55:02.005388","condition2","Eindelijk! Nieuwe Transgenderwet haalt vernederende barriers weg voor transgender personen.","2023-08-02 15:55:02.005388","22",
"<sqlalchemy.orm.state.InstanceState object at 0x7fc4da79e970>","11c","22/2023-08-02 15:55:02.003343","0","22/11c/condition2/2023-08-02 15:55:05.331855","condition2","Postercampagne tegen nieuwe Transgenderwet is misleidend, onnodig en gevaarlijk","2023-08-02 15:55:05.331855","22",
"<sqlalchemy.orm.state.InstanceState object at 0x7fc4da79ea60>","5c","22/2023-08-02 16:01:10.827568","0","22/5c/condition2/2023-08-02 16:01:10.836249","condition2","Lang over tijd: Kabinet maakt eindelijk publiekelijk excuses voor vernederende oude Transgenderwet","2023-08-02 16:01:10.836249","22",
"<sqlalchemy.orm.state.InstanceState object at 0x7fc4da79eac0>","5c","22/2023-08-02 16:01:10.827568","0","22/5c/condition2/2023-08-02 16:01:25.554422","condition2","Lang over tijd: Kabinet maakt eindelijk publiekelijk excuses voor vernederende oude Transgenderwet","2023-08-02 16:01:25.554422","22",
"<sqlalchemy.orm.state.InstanceState object at 0x7fc4da79eaf0>","5c","22/2023-08-02 16:01:25.553028","0","22/5c/condition2/2023-08-02 16:01:30.470739","condition2","Lang over tijd: Kabinet maakt eindelijk publiekelijk excuses voor vernederende oude Transgenderwet","2023-08-02 16:01:30.470739","22",
"<sqlalchemy.orm.state.InstanceState object at 0x7fc4da79ebe0>","4c","22/2023-08-02 16:01:30.469111","0.54","22/4c/condition2/2023-08-02 16:04:06.858661","condition2","Eindelijk! Nieuwe Transgenderwet haalt vernederende barriers weg voor transgender personen.","2023-08-02 16:04:06.858661","22",
"<sqlalchemy.orm.state.InstanceState object at 0x7fc4da79ec40>","11c","22/2023-08-02 16:04:06.856524","1","22/11c/condition2/2023-08-02 16:04:33.914459","condition2","Postercampagne tegen nieuwe Transgenderwet is misleidend, onnodig en gevaarlijk","2023-08-02 16:04:33.914459","22",
"<sqlalchemy.orm.state.InstanceState object at 0x7fc4da79ec70>","11c","22/2023-08-02 16:04:33.917071","0.41","22/11c/condition2/2023-08-02 16:04:36.599392","condition2","Postercampagne tegen nieuwe Transgenderwet is misleidend, onnodig en gevaarlijk","2023-08-02 16:04:36.599392","22",
"<sqlalchemy.orm.state.InstanceState object at 0x7fc4da79ed60>","5c","22/2023-08-02 16:05:16.976944","0.92","22/5c/condition2/2023-08-02 16:07:54.970415","condition2","Lang over tijd: Kabinet maakt eindelijk publiekelijk excuses voor vernederende oude Transgenderwet","2023-08-02 16:07:54.970415","22",
"<sqlalchemy.orm.state.InstanceState object at 0x7fc4da79edc0>","5c","22/2023-08-02 16:07:54.973498","0","22/5c/condition2/2023-08-02 16:07:58.592409","condition2","Lang over tijd: Kabinet maakt eindelijk publiekelijk excuses voor vernederende oude Transgenderwet","2023-08-02 16:07:58.592409","22",
"<sqlalchemy.orm.state.InstanceState object at 0x7fc4da79edf0>","5c","22/2023-08-02 16:07:58.590100","0.23","22/5c/condition2/2023-08-02 16:08:01.738686","condition2","Lang over tijd: Kabinet maakt eindelijk publiekelijk excuses voor vernederende oude Transgenderwet","2023-08-02 16:08:01.738686","22",
"<sqlalchemy.orm.state.InstanceState object at 0x7fc4da79eee0>","2a","22/2023-08-02 16:08:01.741902","0.81","22/2a/condition2/2023-08-02 16:10:48.432368","condition2","Kritiek op nieuwe Transgenderwet is “boosmakend en transfoob”: Transvrouw vertelt over het belang van de wet","2023-08-02 16:10:48.432368","22",
"<sqlalchemy.orm.state.InstanceState object at 0x7fc4da79ef40>","3b","22/2023-08-02 16:10:48.436080","0.69","22/3b/condition2/2023-08-02 16:14:30.907389","condition2","Argumenten critici Transgenderwet zijn makkelijk te weerleggen, vindt transman Romero Dalstra","2023-08-02 16:14:30.907389","22",
"<sqlalchemy.orm.state.InstanceState object at 0x7fc4da7a2040>","2a","22/2023-08-02 16:14:30.904942","0","22/2a/condition2/2023-08-02 16:14:41.462381","condition2","Kritiek op nieuwe Transgenderwet is “boosmakend en transfoob”: Transvrouw vertelt over het belang van de wet","2023-08-02 16:14:41.462381","22",
"<sqlalchemy.orm.state.InstanceState object at 0x7fc4da7a20a0>","2a","22/2023-08-02 16:14:41.460052","0","22/2a/condition2/2023-08-02 16:14:59.500510","condition2","Kritiek op nieuwe Transgenderwet is “boosmakend en transfoob”: Transvrouw vertelt over het belang van de wet","2023-08-02 16:14:59.500510","22",
"<sqlalchemy.orm.state.InstanceState object at 0x7fc4da7a2100>","12c","22/2023-08-02 16:14:59.496303","0","22/12c/condition2/2023-08-02 16:16:49.953204","condition2","Spookbeelden over gevaren in vrouwentoiletten door Transgenderwet zijn onzin","2023-08-02 16:16:49.953204","22",
"<sqlalchemy.orm.state.InstanceState object at 0x7fc4da7a2130>","2a","22/2023-08-02 16:17:48.135297","1","22/2a/condition2/2023-08-02 16:17:48.142157","condition2","Kritiek op nieuwe Transgenderwet is “boosmakend en transfoob”: Transvrouw vertelt over het belang van de wet","2023-08-02 16:17:48.142157","22",
"<sqlalchemy.orm.state.InstanceState object at 0x7fc4da7a2220>","2a","22/2023-08-02 16:17:48.135297","0","22/2a/condition2/2023-08-02 16:18:00.886818","condition2","Kritiek op nieuwe Transgenderwet is “boosmakend en transfoob”: Transvrouw vertelt over het belang van de wet","2023-08-02 16:18:00.886818","22",
"<sqlalchemy.orm.state.InstanceState object at 0x7fc4da7a2280>","2a","22/2023-08-02 16:18:00.885743","0","22/2a/condition2/2023-08-02 16:18:20.508087","condition2","Kritiek op nieuwe Transgenderwet is “boosmakend en transfoob”: Transvrouw vertelt over het belang van de wet","2023-08-02 16:18:20.508087","22",
"<sqlalchemy.orm.state.InstanceState object at 0x7fc4da7a22b0>","2a","22/2023-08-02 16:18:20.504291","0","22/2a/condition2/2023-08-02 16:19:40.187812","condition2","Kritiek op nieuwe Transgenderwet is “boosmakend en transfoob”: Transvrouw vertelt over het belang van de wet","2023-08-02 16:19:40.187812","22",
"<sqlalchemy.orm.state.InstanceState object at 0x7fc4da7a23a0>","5c","22/2023-08-02 16:19:40.186913","0","22/5c/condition2/2023-08-02 16:22:19.821638","condition2","Lang over tijd: Kabinet maakt eindelijk publiekelijk excuses voor vernederende oude Transgenderwet","2023-08-02 16:22:19.821638","22",
"<sqlalchemy.orm.state.InstanceState object at 0x7fc4da7a2400>","4c","22/2023-08-02 16:22:19.816034","0.54","22/4c/condition2/2023-08-02 16:22:24.204795","condition2","Eindelijk! Nieuwe Transgenderwet haalt vernederende barriers weg voor transgender personen.","2023-08-02 16:22:24.204795","22",
"<sqlalchemy.orm.state.InstanceState object at 0x7fc4da7a2430>","2a","22/2023-08-02 16:22:24.202284","0","22/2a/condition2/2023-08-02 16:22:44.173690","condition2","Kritiek op nieuwe Transgenderwet is “boosmakend en transfoob”: Transvrouw vertelt over het belang van de wet","2023-08-02 16:22:44.173690","22",
"<sqlalchemy.orm.state.InstanceState object at 0x7fc4da7a2520>","2a","22/2023-08-02 16:22:44.172259","0.41","22/2a/condition2/2023-08-02 16:23:24.991319","condition2","Kritiek op nieuwe Transgenderwet is “boosmakend en transfoob”: Transvrouw vertelt over het belang van de wet","2023-08-02 16:23:24.991319","22",
"<sqlalchemy.orm.state.InstanceState object at 0x7fc4da7a2580>","2a","22/2023-08-02 16:23:24.989909","0.2","22/2a/condition2/2023-08-02 16:24:46.456840","condition2","Kritiek op nieuwe Transgenderwet is “boosmakend en transfoob”: Transvrouw vertelt over het belang van de wet","2023-08-02 16:24:46.456840","22",
"<sqlalchemy.orm.state.InstanceState object at 0x7fc4da7a25b0>","3b","22/2023-08-02 16:24:46.454917","0","22/3b/condition2/2023-08-02 16:25:16.884993","condition2","Argumenten critici Transgenderwet zijn makkelijk te weerleggen, vindt transman Romero Dalstra","2023-08-02 16:25:16.884993","22",
"<sqlalchemy.orm.state.InstanceState object at 0x7fc4da7a26a0>","11c","22/2023-08-02 16:25:16.890220","0","22/11c/condition2/2023-08-02 16:26:24.840258","condition2","Postercampagne tegen nieuwe Transgenderwet is misleidend, onnodig en gevaarlijk","2023-08-02 16:26:24.840258","22",
"<sqlalchemy.orm.state.InstanceState object at 0x7fc4da7a2700>","5c","22/2023-08-02 16:26:24.837571","0.69","22/5c/condition2/2023-08-02 16:26:28.009026","condition2","Lang over tijd: Kabinet maakt eindelijk publiekelijk excuses voor vernederende oude Transgenderwet","2023-08-02 16:26:28.009026","22",
"<sqlalchemy.orm.state.InstanceState object at 0x7fc4da7a2730>","2a","22/2023-08-02 16:26:28.005936","0","22/2a/condition2/2023-08-02 16:26:43.635431","condition2","Kritiek op nieuwe Transgenderwet is “boosmakend en transfoob”: Transvrouw vertelt over het belang van de wet","2023-08-02 16:26:43.635431","22",
"<sqlalchemy.orm.state.InstanceState object at 0x7fc4da7a2820>","2a","22/2023-08-02 16:26:43.633785","0.2","22/2a/condition2/2023-08-02 16:26:52.803765","condition2","Kritiek op nieuwe Transgenderwet is “boosmakend en transfoob”: Transvrouw vertelt over het belang van de wet","2023-08-02 16:26:52.803765","22",
"<sqlalchemy.orm.state.InstanceState object at 0x7fc4da7a2880>","2a","22/2023-08-02 16:26:52.801171","0.2","22/2a/condition2/2023-08-02 16:28:05.922538","condition2","Kritiek op nieuwe Transgenderwet is “boosmakend en transfoob”: Transvrouw vertelt over het belang van de wet","2023-08-02 16:28:05.922538","22",
"<sqlalchemy.orm.state.InstanceState object at 0x7fc4da7a28b0>","2a","22/2023-08-02 16:26:52.801171","0.2","22/2a/condition2/2023-08-02 16:28:05.927331","condition2","Kritiek op nieuwe Transgenderwet is “boosmakend en transfoob”: Transvrouw vertelt over het belang van de wet","2023-08-02 16:28:05.927331","22",
"<sqlalchemy.orm.state.InstanceState object at 0x7fc4da7a29a0>","4d","96996425862/2023-08-02 16:33:18.019707","1","96996425862/4d/condition4/2023-08-02 16:34:16.462670","condition4","Wat houdt de nieuwe transgenderwet in? Een overzicht van de belangrijkste aanpassingen","2023-08-02 16:34:16.462670","96996425862",
"<sqlalchemy.orm.state.InstanceState object at 0x7fc4da7a2a00>","4d","96996425862/2023-08-02 16:34:16.467864","0.66","96996425862/4d/condition4/2023-08-02 16:34:27.125253","condition4","Wat houdt de nieuwe transgenderwet in? Een overzicht van de belangrijkste aanpassingen","2023-08-02 16:34:27.125253","96996425862",
"<sqlalchemy.orm.state.InstanceState object at 0x7fc4da7a2a30>","4d","96996425862/2023-08-02 16:34:27.115333","1","96996425862/4d/condition4/2023-08-02 16:34:35.201182","condition4","Wat houdt de nieuwe transgenderwet in? Een overzicht van de belangrijkste aanpassingen","2023-08-02 16:34:35.201182","96996425862",
"<sqlalchemy.orm.state.InstanceState object at 0x7fc4da7a2b20>","4d","96996425862/2023-08-02 16:34:35.196577","0.59","96996425862/4d/condition4/2023-08-02 16:34:55.210942","condition4","Wat houdt de nieuwe transgenderwet in? Een overzicht van de belangrijkste aanpassingen","2023-08-02 16:34:55.210942","96996425862",
"<sqlalchemy.orm.state.InstanceState object at 0x7fc4da7a2b80>","3d","96996425862/2023-08-02 16:34:55.206267","1","96996425862/3d/condition4/2023-08-02 16:35:01.575205","condition4","Transgenderwet: wat zeggen de voor- en tegenstanders? Drie populaire argumenten met weerlegging","2023-08-02 16:35:01.575205","96996425862",
"<sqlalchemy.orm.state.InstanceState object at 0x7fc4da7a2bb0>","2c","81139869510/2023-08-03 09:18:24.546590","0.88","81139869510/2c/condition1/2023-08-03 09:19:05.553642","condition1","Critici nieuwe Transgenderwet dragen bij aan dehumanisering transpersonen","2023-08-03 09:19:05.553642","81139869510",
"<sqlalchemy.orm.state.InstanceState object at 0x7fc4da7a2ca0>","2c","81139869510/2023-08-03 09:19:10.036540","0","81139869510/2c/condition1/2023-08-03 09:19:10.041785","condition1","Critici nieuwe Transgenderwet dragen bij aan dehumanisering transpersonen","2023-08-03 09:19:10.041785","81139869510",
"<sqlalchemy.orm.state.InstanceState object at 0x7fc4da7a2d00>","10d","81139869510/2023-08-03 09:19:10.036540","0","81139869510/10d/condition1/2023-08-03 09:20:56.339308","condition1","CU-minister Adema tekende manifest tegen Transgenderwet, D66 vraagt om intrekking","2023-08-03 09:20:56.339308","81139869510",
"<sqlalchemy.orm.state.InstanceState object at 0x7fc4da7a2d30>","5d","67987039440/2023-08-03 12:35:49.259777","1","67987039440/5d/condition1/2023-08-03 12:35:54.276347","condition1","Kabinet maakt publiekelijk excuses voor oude Transgenderwet","2023-08-03 12:35:54.276347","67987039440",
"<sqlalchemy.orm.state.InstanceState object at 0x7fc4da7a2e20>","5d","67987039440/2023-08-03 12:35:54.278978","0.69","67987039440/5d/condition1/2023-08-03 12:36:10.738306","condition1","Kabinet maakt publiekelijk excuses voor oude Transgenderwet","2023-08-03 12:36:10.738306","67987039440",
"<sqlalchemy.orm.state.InstanceState object at 0x7fc4da7a2e80>","5d","67987039440/2023-08-03 12:36:10.734754","1","67987039440/5d/condition1/2023-08-03 12:37:07.316988","condition1","Kabinet maakt publiekelijk excuses voor oude Transgenderwet","2023-08-03 12:37:07.316988","67987039440",
"<sqlalchemy.orm.state.InstanceState object at 0x7fc4da7a2eb0>","3c","67987039440/2023-08-03 12:37:26.326886","1","67987039440/3c/condition1/2023-08-03 12:37:26.337575","condition1","Anti-transactivisten maskeren transfobie met beroep op angstgevoelens","2023-08-03 12:37:26.337575","67987039440",
"<sqlalchemy.orm.state.InstanceState object at 0x7fc4da7a2fa0>","3c","67987039440/2023-08-03 12:37:34.427544","1","67987039440/3c/condition1/2023-08-03 12:37:47.545099","condition1","Anti-transactivisten maskeren transfobie met beroep op angstgevoelens","2023-08-03 12:37:47.545099","67987039440",
"<sqlalchemy.orm.state.InstanceState object at 0x7fc4da7a6040>","1c","67987039440/2023-08-03 12:38:04.824838","1","67987039440/1c/condition1/2023-08-03 12:38:04.832176","condition1","Weg met denigrerende procedures: dankzij nieuwe Transgenderwet hoeven transpersonen niet meer te bewijzen dat ze ‘écht trans’ zijn ","2023-08-03 12:38:04.832176","67987039440",
"<sqlalchemy.orm.state.InstanceState object at 0x7fc4da7a6070>","10d","67987039440/2023-08-03 12:38:04.824838","0","67987039440/10d/condition1/2023-08-03 12:38:09.896336","condition1","CU-minister Adema tekende manifest tegen Transgenderwet, D66 vraagt om intrekking","2023-08-03 12:38:09.896336","67987039440",
"<sqlalchemy.orm.state.InstanceState object at 0x7fc4da7a6160>","10d","50975512759/2023-08-04 14:49:09.022742","0","50975512759/10d/condition5/2023-08-04 14:50:10.500052","condition5","CU-minister Adema tekende manifest tegen Transgenderwet, D66 vraagt om intrekking","2023-08-04 14:50:10.500052","50975512759",
"<sqlalchemy.orm.state.InstanceState object at 0x7fc4da7a61c0>","4d","50975512759/2023-08-04 14:50:10.488989","0","50975512759/4d/condition5/2023-08-04 14:50:27.093665","condition5","Wat houdt de nieuwe transgenderwet in? Een overzicht van de belangrijkste aanpassingen","2023-08-04 14:50:27.093665","50975512759",
"<sqlalchemy.orm.state.InstanceState object at 0x7fc4da7a61f0>","3b","50975512759/2023-08-04 14:50:27.083757","0","50975512759/3b/condition5/2023-08-04 14:50:47.222137","condition5","Argumenten critici Transgenderwet zijn makkelijk te weerleggen, vindt transman Romero Dalstra","2023-08-04 14:50:47.222137","50975512759",
"<sqlalchemy.orm.state.InstanceState object at 0x7fc4da7a62e0>","1a","50975512759/2023-08-04 14:50:47.213620","0","50975512759/1a/condition5/2023-08-04 14:51:33.717310","condition5","Transpersonen over belang nieuwe wet: “Belachelijk, ik moet nu eerst bewijzen dat ik trans genoeg ben”","2023-08-04 14:51:33.717310","50975512759",
"<sqlalchemy.orm.state.InstanceState object at 0x7fc4da7a6340>","3b","50975512759/2023-08-04 14:51:33.712138","0","50975512759/3b/condition5/2023-08-04 14:52:09.085814","condition5","Argumenten critici Transgenderwet zijn makkelijk te weerleggen, vindt transman Romero Dalstra","2023-08-04 14:52:09.085814","50975512759",
"<sqlalchemy.orm.state.InstanceState object at 0x7fc4da7a6370>","3b","50975512759/2023-08-04 14:52:15.210299","0","50975512759/3b/condition5/2023-08-04 14:52:15.219968","condition5","Argumenten critici Transgenderwet zijn makkelijk te weerleggen, vindt transman Romero Dalstra","2023-08-04 14:52:15.219968","50975512759",
"<sqlalchemy.orm.state.InstanceState object at 0x7fc4da7a6460>","4d","50975512759/2023-08-04 14:52:15.210299","0","50975512759/4d/condition5/2023-08-04 14:52:26.939152","condition5","Wat houdt de nieuwe transgenderwet in? Een overzicht van de belangrijkste aanpassingen","2023-08-04 14:52:26.939152","50975512759",
"<sqlalchemy.orm.state.InstanceState object at 0x7fc4da7a64c0>","10d","50975512759/2023-08-04 14:52:26.931294","0","50975512759/10d/condition5/2023-08-04 14:52:29.692740","condition5","CU-minister Adema tekende manifest tegen Transgenderwet, D66 vraagt om intrekking","2023-08-04 14:52:29.692740","50975512759",
"<sqlalchemy.orm.state.InstanceState object at 0x7fc4da7a64f0>","None","50975512759/2023-08-04 14:52:29.698059","0","50975512759/None/condition5/2023-08-04 14:52:35.305003","condition5","None","2023-08-04 14:52:35.305003","50975512759",
"<sqlalchemy.orm.state.InstanceState object at 0x7fc4da7a65e0>","None","41342490783/2023-08-04 14:51:44.617521","1","41342490783/None/condition6/2023-08-04 14:52:59.018128","condition6","None","2023-08-04 14:52:59.018128","41342490783",
"<sqlalchemy.orm.state.InstanceState object at 0x7fc4da7a6640>","None","90485814111/2023-08-04 14:53:44.722559","1","90485814111/None/condition1/2023-08-04 14:54:01.938613","condition1","None","2023-08-04 14:54:01.938613","90485814111",
"<sqlalchemy.orm.state.InstanceState object at 0x7fc4da7a6670>","10d","91178844387/2023-08-04 14:52:58.519101","0.93","91178844387/10d/condition2/2023-08-04 14:54:12.732317","condition2","CU-minister Adema tekende manifest tegen Transgenderwet, D66 vraagt om intrekking","2023-08-04 14:54:12.732317","91178844387",
"<sqlalchemy.orm.state.InstanceState object at 0x7fc4da7a6760>","None","41342490783/2023-08-04 14:52:59.019315","1","41342490783/None/condition6/2023-08-04 14:54:20.787977","condition6","None","2023-08-04 14:54:20.787977","41342490783",
"<sqlalchemy.orm.state.InstanceState object at 0x7fc4da7a67c0>","None","90485814111/2023-08-04 14:54:25.420899","1","90485814111/None/condition1/2023-08-04 14:54:25.427664","condition1","None","2023-08-04 14:54:25.427664","90485814111",
"<sqlalchemy.orm.state.InstanceState object at 0x7fc4da7a67f0>","None","90485814111/2023-08-04 14:54:25.420899","1","90485814111/None/condition1/2023-08-04 14:54:49.377634","condition1","None","2023-08-04 14:54:49.377634","90485814111",
"<sqlalchemy.orm.state.InstanceState object at 0x7fc4da7a68e0>","None","90485814111/2023-08-04 14:54:49.376664","1","90485814111/None/condition1/2023-08-04 14:55:10.458296","condition1","None","2023-08-04 14:55:10.458296","90485814111",
"<sqlalchemy.orm.state.InstanceState object at 0x7fc4da7a6940>","None","41342490783/2023-08-04 14:55:14.995437","1","41342490783/None/condition6/2023-08-04 14:55:15.004363","condition6","None","2023-08-04 14:55:15.004363","41342490783",
"<sqlalchemy.orm.state.InstanceState object at 0x7fc4da7a6970>","1a","91178844387/2023-08-04 14:54:12.728183","0.93","91178844387/1a/condition2/2023-08-04 14:55:16.009441","condition2","Transpersonen over belang nieuwe wet: “Belachelijk, ik moet nu eerst bewijzen dat ik trans genoeg ben”","2023-08-04 14:55:16.009441","91178844387",
"<sqlalchemy.orm.state.InstanceState object at 0x7fc4da7a6a60>","None","90485814111/2023-08-04 14:55:10.456193","1","90485814111/None/condition1/2023-08-04 14:55:35.426974","condition1","None","2023-08-04 14:55:35.426974","90485814111",
"<sqlalchemy.orm.state.InstanceState object at 0x7fc4da7a6ac0>","None","90485814111/2023-08-04 14:55:35.430276","1","90485814111/None/condition1/2023-08-04 14:56:04.971079","condition1","None","2023-08-04 14:56:04.971079","90485814111",
"<sqlalchemy.orm.state.InstanceState object at 0x7fc4da7a6af0>","None","43178106246/2023-08-04 14:54:36.786604","1","43178106246/None/condition4/2023-08-04 14:56:14.954323","condition4","None","2023-08-04 14:56:14.954323","43178106246",
"<sqlalchemy.orm.state.InstanceState object at 0x7fc4da7a6be0>","10d","91178844387/2023-08-04 14:55:16.011271","0.93","91178844387/10d/condition2/2023-08-04 14:56:25.341157","condition2","CU-minister Adema tekende manifest tegen Transgenderwet, D66 vraagt om intrekking","2023-08-04 14:56:25.341157","91178844387",
"<sqlalchemy.orm.state.InstanceState object at 0x7fc4da7a6c40>","None","91178844387/2023-08-04 14:56:25.345377","0","91178844387/None/condition2/2023-08-04 14:56:28.222771","condition2","None","2023-08-04 14:56:28.222771","91178844387",
"<sqlalchemy.orm.state.InstanceState object at 0x7fc4da7a6c70>","None","90485814111/2023-08-04 14:56:04.977756","1","90485814111/None/condition1/2023-08-04 14:56:31.132004","condition1","None","2023-08-04 14:56:31.132004","90485814111",
"<sqlalchemy.orm.state.InstanceState object at 0x7fc4da7a6d60>","None","43178106246/2023-08-04 14:57:07.269541","1","43178106246/None/condition4/2023-08-04 14:57:07.277224","condition4","None","2023-08-04 14:57:07.277224","43178106246",
"<sqlalchemy.orm.state.InstanceState object at 0x7fc4da7a6dc0>","None","92213352748/2023-08-04 14:52:31.168906","1","92213352748/None/condition5/2023-08-04 14:57:25.241343","condition5","None","2023-08-04 14:57:25.241343","92213352748",
"<sqlalchemy.orm.state.InstanceState object at 0x7fc4da7a6df0>","2a","89877907719/2023-08-04 14:57:54.362531","1","89877907719/2a/condition2/2023-08-04 14:58:13.812082","condition2","Kritiek op nieuwe Transgenderwet is “boosmakend en transfoob”: Transvrouw vertelt over het belang van de wet","2023-08-04 14:58:13.812082","89877907719",
"<sqlalchemy.orm.state.InstanceState object at 0x7fc4da7a6ee0>","5c","89877907719/2023-08-04 14:58:13.808520","1","89877907719/5c/condition2/2023-08-04 14:58:24.544436","condition2","Lang over tijd: Kabinet maakt eindelijk publiekelijk excuses voor vernederende oude Transgenderwet","2023-08-04 14:58:24.544436","89877907719",
"<sqlalchemy.orm.state.InstanceState object at 0x7fc4da7a6f40>","4d","43178106246/2023-08-04 14:57:07.269541","1","43178106246/4d/condition4/2023-08-04 14:58:29.754406","condition4","Wat houdt de nieuwe transgenderwet in? Een overzicht van de belangrijkste aanpassingen","2023-08-04 14:58:29.754406","43178106246",
"<sqlalchemy.orm.state.InstanceState object at 0x7fc4da7ab040>","5c","89877907719/2023-08-04 14:58:24.546785","1","89877907719/5c/condition2/2023-08-04 14:58:55.534357","condition2","Lang over tijd: Kabinet maakt eindelijk publiekelijk excuses voor vernederende oude Transgenderwet","2023-08-04 14:58:55.534357","89877907719",
"<sqlalchemy.orm.state.InstanceState object at 0x7fc4da7ab0a0>","3d","43178106246/2023-08-04 14:58:29.756872","1","43178106246/3d/condition4/2023-08-04 14:59:37.455010","condition4","Transgenderwet: wat zeggen de voor- en tegenstanders? Drie populaire argumenten met weerlegging","2023-08-04 14:59:37.455010","43178106246",
"<sqlalchemy.orm.state.InstanceState object at 0x7fc4da7ab100>","11c","89877907719/2023-08-04 14:58:55.530714","1","89877907719/11c/condition2/2023-08-04 14:59:38.099512","condition2","Postercampagne tegen nieuwe Transgenderwet is misleidend, onnodig en gevaarlijk","2023-08-04 14:59:38.099512","89877907719",
"<sqlalchemy.orm.state.InstanceState object at 0x7fc4da7ab130>","2a","89877907719/2023-08-04 14:59:38.103890","0.49","89877907719/2a/condition2/2023-08-04 15:00:09.121271","condition2","Kritiek op nieuwe Transgenderwet is “boosmakend en transfoob”: Transvrouw vertelt over het belang van de wet","2023-08-04 15:00:09.121271","89877907719",
"<sqlalchemy.orm.state.InstanceState object at 0x7fc4da7ab220>","11b","64160476867/2023-08-04 15:00:37.605091","1","64160476867/11b/condition6/2023-08-04 15:02:35.880400","condition6","Postercampagne tegen nieuwe Transgenderwet leidt tot kritiek van transgenderorganisaties ","2023-08-04 15:02:35.880400","64160476867",
"<sqlalchemy.orm.state.InstanceState object at 0x7fc4da7ab280>","3b","38509956127/2023-08-04 15:02:11.283713","0.92","38509956127/3b/condition6/2023-08-04 15:02:49.151280","condition6","Argumenten critici Transgenderwet zijn makkelijk te weerleggen, vindt transman Romero Dalstra","2023-08-04 15:02:49.151280","38509956127",
"<sqlalchemy.orm.state.InstanceState object at 0x7fc4da7ab2b0>","None","64160476867/2023-08-04 15:02:52.790403","0","64160476867/None/condition6/2023-08-04 15:02:52.794121","condition6","None","2023-08-04 15:02:52.794121","64160476867",
"<sqlalchemy.orm.state.InstanceState object at 0x7fc4da7ab3a0>","5b","38509956127/2023-08-04 15:02:49.148025","0.87","38509956127/5b/condition6/2023-08-04 15:03:03.146735","condition6","Kabinet maakt publiekelijk excuses voor oude Transgenderwet","2023-08-04 15:03:03.146735","38509956127",
"<sqlalchemy.orm.state.InstanceState object at 0x7fc4da7ab400>","None","66632171806/2023-08-04 15:02:12.796317","1","66632171806/None/condition5/2023-08-04 15:03:04.319615","condition5","None","2023-08-04 15:03:04.319615","66632171806",
"<sqlalchemy.orm.state.InstanceState object at 0x7fc4da7ab430>","4d","66632171806/2023-08-04 15:03:04.318996","0","66632171806/4d/condition5/2023-08-04 15:03:10.484715","condition5","Wat houdt de nieuwe transgenderwet in? Een overzicht van de belangrijkste aanpassingen","2023-08-04 15:03:10.484715","66632171806",
"<sqlalchemy.orm.state.InstanceState object at 0x7fc4da7ab520>","11b","64160476867/2023-08-04 15:02:52.790403","0","64160476867/11b/condition6/2023-08-04 15:03:17.261526","condition6","Postercampagne tegen nieuwe Transgenderwet leidt tot kritiek van transgenderorganisaties ","2023-08-04 15:03:17.261526","64160476867",
"<sqlalchemy.orm.state.InstanceState object at 0x7fc4da7ab580>","10d","66632171806/2023-08-04 15:03:32.961660","1","66632171806/10d/condition5/2023-08-04 15:03:32.969343","condition5","CU-minister Adema tekende manifest tegen Transgenderwet, D66 vraagt om intrekking","2023-08-04 15:03:32.969343","66632171806",
"<sqlalchemy.orm.state.InstanceState object at 0x7fc4da7ab5b0>","11b","38509956127/2023-08-04 15:03:03.147008","0.93","38509956127/11b/condition6/2023-08-04 15:03:41.075725","condition6","Postercampagne tegen nieuwe Transgenderwet leidt tot kritiek van transgenderorganisaties ","2023-08-04 15:03:41.075725","38509956127",
"<sqlalchemy.orm.state.InstanceState object at 0x7fc4da7ab6a0>","3b","66632171806/2023-08-04 15:03:32.961660","1","66632171806/3b/condition5/2023-08-04 15:04:04.363290","condition5","Argumenten critici Transgenderwet zijn makkelijk te weerleggen, vindt transman Romero Dalstra","2023-08-04 15:04:04.363290","66632171806",
"<sqlalchemy.orm.state.InstanceState object at 0x7fc4da7ab700>","3d","50753090975/2023-08-04 15:04:05.535652","0.91","50753090975/3d/condition4/2023-08-04 15:04:05.547258","condition4","Transgenderwet: wat zeggen de voor- en tegenstanders? Drie populaire argumenten met weerlegging","2023-08-04 15:04:05.547258","50753090975",
"<sqlalchemy.orm.state.InstanceState object at 0x7fc4da7ab730>","11b","38509956127/2023-08-04 15:03:41.076145","0.92","38509956127/11b/condition6/2023-08-04 15:04:17.755889","condition6","Postercampagne tegen nieuwe Transgenderwet leidt tot kritiek van transgenderorganisaties ","2023-08-04 15:04:17.755889","38509956127",
"<sqlalchemy.orm.state.InstanceState object at 0x7fc4da7ab820>","None","36531629397/2023-08-04 15:03:42.644925","1","36531629397/None/condition4/2023-08-04 15:04:40.729214","condition4","None","2023-08-04 15:04:40.729214","36531629397",
"<sqlalchemy.orm.state.InstanceState object at 0x7fc4da7ab880>","1a","66632171806/2023-08-04 15:04:04.362816","1","66632171806/1a/condition5/2023-08-04 15:04:45.652775","condition5","Transpersonen over belang nieuwe wet: “Belachelijk, ik moet nu eerst bewijzen dat ik trans genoeg ben”","2023-08-04 15:04:45.652775","66632171806",
"<sqlalchemy.orm.state.InstanceState object at 0x7fc4da7ab8b0>","None","41342490783/2023-08-04 14:55:14.995437","1","41342490783/None/condition6/2023-08-04 15:05:01.461251","condition6","None","2023-08-04 15:05:01.461251","41342490783",
"<sqlalchemy.orm.state.InstanceState object at 0x7fc4da7ab9a0>","None","36531629397/2023-08-04 15:05:13.080685","1","36531629397/None/condition4/2023-08-04 15:05:13.089918","condition4","None","2023-08-04 15:05:13.089918","36531629397",
"<sqlalchemy.orm.state.InstanceState object at 0x7fc4da7aba00>","4d","50753090975/2023-08-04 15:05:15.740920","0.88","50753090975/4d/condition4/2023-08-04 15:05:15.750389","condition4","Wat houdt de nieuwe transgenderwet in? Een overzicht van de belangrijkste aanpassingen","2023-08-04 15:05:15.750389","50753090975",
"<sqlalchemy.orm.state.InstanceState object at 0x7fc4da7aba30>","None","36531629397/2023-08-04 15:05:13.080685","1","36531629397/None/condition4/2023-08-04 15:05:35.181014","condition4","None","2023-08-04 15:05:35.181014","36531629397",
"<sqlalchemy.orm.state.InstanceState object at 0x7fc4da7abb20>","None","47714309471/2023-08-04 15:03:38.856123","1.01","47714309471/None/condition1/2023-08-04 15:06:03.033814","condition1","None","2023-08-04 15:06:03.033814","47714309471",
"<sqlalchemy.orm.state.InstanceState object at 0x7fc4da7abb80>","3d","36531629397/2023-08-04 15:05:35.175889","1","36531629397/3d/condition4/2023-08-04 15:06:09.674223","condition4","Transgenderwet: wat zeggen de voor- en tegenstanders? Drie populaire argumenten met weerlegging","2023-08-04 15:06:09.674223","36531629397",
"<sqlalchemy.orm.state.InstanceState object at 0x7fc4da7abbb0>","3d","36531629397/2023-08-04 15:05:35.175889","1","36531629397/3d/condition4/2023-08-04 15:06:10.608509","condition4","Transgenderwet: wat zeggen de voor- en tegenstanders? Drie populaire argumenten met weerlegging","2023-08-04 15:06:10.608509","36531629397",
"<sqlalchemy.orm.state.InstanceState object at 0x7fc4da7abca0>","1a","55758669085/2023-08-04 15:05:11.944851","1","55758669085/1a/condition3/2023-08-04 15:06:16.567345","condition3","Transpersonen over belang nieuwe wet: “Belachelijk, ik moet nu eerst bewijzen dat ik trans genoeg ben”","2023-08-04 15:06:16.567345","55758669085",
"<sqlalchemy.orm.state.InstanceState object at 0x7fc4da7abd00>","5b","55758669085/2023-08-04 15:06:16.567818","1","55758669085/5b/condition3/2023-08-04 15:06:50.748508","condition3","Kabinet maakt publiekelijk excuses voor oude Transgenderwet","2023-08-04 15:06:50.748508","55758669085",
"<sqlalchemy.orm.state.InstanceState object at 0x7fc4da7abd30>","None","36531629397/2023-08-04 15:07:38.596339","1","36531629397/None/condition4/2023-08-04 15:07:38.603019","condition4","None","2023-08-04 15:07:38.603019","36531629397",
"<sqlalchemy.orm.state.InstanceState object at 0x7fc4da7abe20>","12a","55758669085/2023-08-04 15:06:50.739775","1","55758669085/12a/condition3/2023-08-04 15:07:54.153818","condition3","Lopen vrouwen dankzij Transgenderwet gevaar in het vrouwentoilet? ‘Onzin! Dit is maar een spookbeeld’, zegt transgender activist Lydia van Doorn","2023-08-04 15:07:54.153818","55758669085",
"<sqlalchemy.orm.state.InstanceState object at 0x7fc4da7abe80>","4b","93291114706/2023-08-04 15:05:29.990849","1","93291114706/4b/condition6/2023-08-04 15:08:11.162408","condition6","Wat houdt de nieuwe transgenderwet in? Wij vroegen transpersonen en -activisten ","2023-08-04 15:08:11.162408","93291114706",
"<sqlalchemy.orm.state.InstanceState object at 0x7fc4da7abeb0>","None","36531629397/2023-08-04 15:07:38.596339","1","36531629397/None/condition4/2023-08-04 15:08:12.059797","condition4","None","2023-08-04 15:08:12.059797","36531629397",
"<sqlalchemy.orm.state.InstanceState object at 0x7fc4da7abfa0>","None","36531629397/2023-08-04 15:08:12.055653","1","36531629397/None/condition4/2023-08-04 15:08:23.952717","condition4","None","2023-08-04 15:08:23.952717","36531629397",
"<sqlalchemy.orm.state.InstanceState object at 0x7fc4da7b0040>","None","36531629397/2023-08-04 15:08:23.949549","1","36531629397/None/condition4/2023-08-04 15:08:36.450160","condition4","None","2023-08-04 15:08:36.450160","36531629397",
"<sqlalchemy.orm.state.InstanceState object at 0x7fc4da7b0070>","12b","93291114706/2023-08-04 15:08:55.257197","0","93291114706/12b/condition6/2023-08-04 15:08:55.266393","condition6","Lopen vrouwen dankzij Transgenderwet gevaar in het vrouwentoilet? “Nee”, zegt transgender activist Lydia van Doorn","2023-08-04 15:08:55.266393","93291114706",
"<sqlalchemy.orm.state.InstanceState object at 0x7fc4da7b0160>","2a","55758669085/2023-08-04 15:09:01.778309","1","55758669085/2a/condition3/2023-08-04 15:09:01.784344","condition3","Kritiek op nieuwe Transgenderwet is “boosmakend en transfoob”: Transvrouw vertelt over het belang van de wet","2023-08-04 15:09:01.784344","55758669085",
"<sqlalchemy.orm.state.InstanceState object at 0x7fc4da7b01c0>","None","36531629397/2023-08-04 15:08:36.445427","1","36531629397/None/condition4/2023-08-04 15:09:08.682242","condition4","None","2023-08-04 15:09:08.682242","36531629397",
"<sqlalchemy.orm.state.InstanceState object at 0x7fc4da7b01f0>","3a","55758669085/2023-08-04 15:09:01.778309","1","55758669085/3a/condition3/2023-08-04 15:09:51.041677","condition3","Argumenten critici Transgenderwet “slaan helemaal nergens op”: Transman over waarom de nieuwe wet voor transgender personen zo belangrijk is","2023-08-04 15:09:51.041677","55758669085",
"<sqlalchemy.orm.state.InstanceState object at 0x7fc4da7b02e0>","1a","93291114706/2023-08-04 15:09:52.192929","1","93291114706/1a/condition6/2023-08-04 15:09:52.204658","condition6","Transpersonen over belang nieuwe wet: “Belachelijk, ik moet nu eerst bewijzen dat ik trans genoeg ben”","2023-08-04 15:09:52.204658","93291114706",
"<sqlalchemy.orm.state.InstanceState object at 0x7fc4da7b0340>","3c","96236831645/2023-08-04 15:09:14.504367","0.67","96236831645/3c/condition1/2023-08-04 15:10:28.660022","condition1","Anti-transactivisten maskeren transfobie met beroep op angstgevoelens","2023-08-04 15:10:28.660022","96236831645",
"<sqlalchemy.orm.state.InstanceState object at 0x7fc4da7b0370>","10d","55758669085/2023-08-04 15:10:34.286630","1","55758669085/10d/condition3/2023-08-04 15:10:34.291726","condition3","CU-minister Adema tekende manifest tegen Transgenderwet, D66 vraagt om intrekking","2023-08-04 15:10:34.291726","55758669085",
"<sqlalchemy.orm.state.InstanceState object at 0x7fc4da7b0460>","None","22245796227/2023-08-04 15:10:11.408519","Infinity","22245796227/None/condition3/2023-08-04 15:10:55.569675","condition3","None","2023-08-04 15:10:55.569675","22245796227",
"<sqlalchemy.orm.state.InstanceState object at 0x7fc4da7b04f0>","None","90416693061/2023-08-04 15:09:51.816798","0.91","90416693061/None/condition6/2023-08-04 15:11:07.887774","condition6","None","2023-08-04 15:11:07.887774","90416693061",
"<sqlalchemy.orm.state.InstanceState object at 0x7fc4da7b0580>","11a","55758669085/2023-08-04 15:10:34.286630","1","55758669085/11a/condition3/2023-08-04 15:11:22.934430","condition3","Afschuw over postercampagne tegen nieuwe Transgenderwet: 'Misleidend, onnodig en gevaarlijk', zegt transgenderactivist Rico van der Laan","2023-08-04 15:11:22.934430","55758669085",
"<sqlalchemy.orm.state.InstanceState object at 0x7fc4da7b05b0>","None","90416693061/2023-08-04 15:11:30.077257","0.91","90416693061/None/condition6/2023-08-04 15:11:30.084322","condition6","None","2023-08-04 15:11:30.084322","90416693061",
"<sqlalchemy.orm.state.InstanceState object at 0x7fc4da7b06a0>","None","96236831645/2023-08-04 15:10:28.656196","1","96236831645/None/condition1/2023-08-04 15:11:45.890528","condition1","None","2023-08-04 15:11:45.890528","96236831645",
"<sqlalchemy.orm.state.InstanceState object at 0x7fc4da7b0700>","None","90416693061/2023-08-04 15:11:56.314261","0.9","90416693061/None/condition6/2023-08-04 15:11:55.907811","condition6","None","2023-08-04 15:11:55.907811","90416693061",
"<sqlalchemy.orm.state.InstanceState object at 0x7fc4da7b0730>","4a","55758669085/2023-08-04 15:11:22.927875","1","55758669085/4a/condition3/2023-08-04 15:11:58.715781","condition3","“Een drastische verbetering”: Nieuwe Transgenderwet zorgt voor zucht van verlichting voor transpersonen","2023-08-04 15:11:58.715781","55758669085",
"<sqlalchemy.orm.state.InstanceState object at 0x7fc4da7b0820>","12a","50823678963/2023-08-04 15:11:54.249580","1","50823678963/12a/condition3/2023-08-04 15:12:26.844179","condition3","Lopen vrouwen dankzij Transgenderwet gevaar in het vrouwentoilet? ‘Onzin! Dit is maar een spookbeeld’, zegt transgender activist Lydia van Doorn","2023-08-04 15:12:26.844179","50823678963",
"<sqlalchemy.orm.state.InstanceState object at 0x7fc4da7b0880>","11a","28565016000/2023-08-04 15:12:30.535320","Infinity","28565016000/11a/condition3/2023-08-04 15:12:30.544786","condition3","Afschuw over postercampagne tegen nieuwe Transgenderwet: 'Misleidend, onnodig en gevaarlijk', zegt transgenderactivist Rico van der Laan","2023-08-04 15:12:30.544786","28565016000",
"<sqlalchemy.orm.state.InstanceState object at 0x7fc4da7b08b0>","1c","31481318683/2023-08-04 15:12:32.770139","0","31481318683/1c/condition1/2023-08-04 15:13:06.737425","condition1","Weg met denigrerende procedures: dankzij nieuwe Transgenderwet hoeven transpersonen niet meer te bewijzen dat ze ‘écht trans’ zijn ","2023-08-04 15:13:06.737425","31481318683",
"<sqlalchemy.orm.state.InstanceState object at 0x7fc4da7b09a0>","11a","50823678963/2023-08-04 15:12:26.852117","0.97","50823678963/11a/condition3/2023-08-04 15:13:11.551798","condition3","Afschuw over postercampagne tegen nieuwe Transgenderwet: 'Misleidend, onnodig en gevaarlijk', zegt transgenderactivist Rico van der Laan","2023-08-04 15:13:11.551798","50823678963",
"<sqlalchemy.orm.state.InstanceState object at 0x7fc4da7b0a00>","1a","50823678963/2023-08-04 15:13:11.553540","1","50823678963/1a/condition3/2023-08-04 15:13:37.759460","condition3","Transpersonen over belang nieuwe wet: “Belachelijk, ik moet nu eerst bewijzen dat ik trans genoeg ben”","2023-08-04 15:13:37.759460","50823678963",
"<sqlalchemy.orm.state.InstanceState object at 0x7fc4da7b0a30>","12c","31481318683/2023-08-04 15:13:36.772574","1","31481318683/12c/condition1/2023-08-04 15:13:36.782230","condition1","Spookbeelden over gevaren in vrouwentoiletten door Transgenderwet zijn onzin","2023-08-04 15:13:36.782230","31481318683",
"<sqlalchemy.orm.state.InstanceState object at 0x7fc4da7b0b20>","3c","31481318683/2023-08-04 15:13:36.772574","1","31481318683/3c/condition1/2023-08-04 15:13:50.201567","condition1","Anti-transactivisten maskeren transfobie met beroep op angstgevoelens","2023-08-04 15:13:50.201567","31481318683",
"<sqlalchemy.orm.state.InstanceState object at 0x7fc4da7b0b80>","5d","31481318683/2023-08-04 15:13:50.197844","1","31481318683/5d/condition1/2023-08-04 15:14:04.675287","condition1","Kabinet maakt publiekelijk excuses voor oude Transgenderwet","2023-08-04 15:14:04.675287","31481318683",
"<sqlalchemy.orm.state.InstanceState object at 0x7fc4da7b0bb0>","4c","31481318683/2023-08-04 15:14:19.443373","0","31481318683/4c/condition1/2023-08-04 15:14:19.448262","condition1","Eindelijk! Nieuwe Transgenderwet haalt vernederende barriers weg voor transgender personen.","2023-08-04 15:14:19.448262","31481318683",
"<sqlalchemy.orm.state.InstanceState object at 0x7fc4da7b0ca0>","None","44663696701/2023-08-04 15:15:24.737428","0","44663696701/None/condition4/2023-08-04 15:15:33.909592","condition4","None","2023-08-04 15:15:33.909592","44663696701",
"<sqlalchemy.orm.state.InstanceState object at 0x7fc4da7b0d00>","12a","28565016000/2023-08-04 15:15:53.951632","Infinity","28565016000/12a/condition3/2023-08-04 15:15:53.961639","condition3","Lopen vrouwen dankzij Transgenderwet gevaar in het vrouwentoilet? ‘Onzin! Dit is maar een spookbeeld’, zegt transgender activist Lydia van Doorn","2023-08-04 15:15:53.961639","28565016000",
"<sqlalchemy.orm.state.InstanceState object at 0x7fc4da7b0d30>","None","44663696701/2023-08-04 15:15:59.999938","0","44663696701/None/condition4/2023-08-04 15:16:00.003673","condition4","None","2023-08-04 15:16:00.003673","44663696701",
"<sqlalchemy.orm.state.InstanceState object at 0x7fc4da7b0e20>","None","44663696701/2023-08-04 15:15:59.999938","1","44663696701/None/condition4/2023-08-04 15:16:05.753782","condition4","None","2023-08-04 15:16:05.753782","44663696701",
"<sqlalchemy.orm.state.InstanceState object at 0x7fc4da7b0e80>","None","44663696701/2023-08-04 15:16:05.745948","0","44663696701/None/condition4/2023-08-04 15:16:32.634742","condition4","None","2023-08-04 15:16:32.634742","44663696701",
"<sqlalchemy.orm.state.InstanceState object at 0x7fc4da7b0eb0>","None","44663696701/2023-08-04 15:16:41.476668","1","44663696701/None/condition4/2023-08-04 15:16:41.487160","condition4","None","2023-08-04 15:16:41.487160","44663696701",
"<sqlalchemy.orm.state.InstanceState object at 0x7fc4da7b0fa0>","None","44663696701/2023-08-04 15:17:14.863418","0.96","44663696701/None/condition4/2023-08-04 15:17:14.876104","condition4","None","2023-08-04 15:17:14.876104","44663696701",
"<sqlalchemy.orm.state.InstanceState object at 0x7fc4da7b5040>","4a","28565016000/2023-08-04 15:15:53.951632","0.82","28565016000/4a/condition3/2023-08-04 15:17:24.395876","condition3","“Een drastische verbetering”: Nieuwe Transgenderwet zorgt voor zucht van verlichting voor transpersonen","2023-08-04 15:17:24.395876","28565016000",
"<sqlalchemy.orm.state.InstanceState object at 0x7fc4da7b5070>","None","44663696701/2023-08-04 15:17:25.871356","1","44663696701/None/condition4/2023-08-04 15:17:25.881410","condition4","None","2023-08-04 15:17:25.881410","44663696701",
"<sqlalchemy.orm.state.InstanceState object at 0x7fc4da7b5160>","10d","60139093466/2023-08-04 15:16:43.782863","0.99","60139093466/10d/condition2/2023-08-04 15:18:28.008401","condition2","CU-minister Adema tekende manifest tegen Transgenderwet, D66 vraagt om intrekking","2023-08-04 15:18:28.008401","60139093466",
"<sqlalchemy.orm.state.InstanceState object at 0x7fc4da7b51c0>","11a","28565016000/2023-08-04 15:18:49.280021","0.93","28565016000/11a/condition3/2023-08-04 15:18:49.289695","condition3","Afschuw over postercampagne tegen nieuwe Transgenderwet: 'Misleidend, onnodig en gevaarlijk', zegt transgenderactivist Rico van der Laan","2023-08-04 15:18:49.289695","28565016000",
"<sqlalchemy.orm.state.InstanceState object at 0x7fc4da7b51f0>","12c","60139093466/2023-08-04 15:18:28.005007","Infinity","60139093466/12c/condition2/2023-08-04 15:19:02.809819","condition2","Spookbeelden over gevaren in vrouwentoiletten door Transgenderwet zijn onzin","2023-08-04 15:19:02.809819","60139093466",
"<sqlalchemy.orm.state.InstanceState object at 0x7fc4da7b52e0>","2a","60139093466/2023-08-04 15:19:02.809951","0","60139093466/2a/condition2/2023-08-04 15:19:17.886194","condition2","Kritiek op nieuwe Transgenderwet is “boosmakend en transfoob”: Transvrouw vertelt over het belang van de wet","2023-08-04 15:19:17.886194","60139093466",
"<sqlalchemy.orm.state.InstanceState object at 0x7fc4da7b5340>","11d","84709999680/2023-08-04 15:19:26.707443","1","84709999680/11d/condition4/2023-08-04 15:19:35.617776","condition4","Reacties op postercampagne tegen nieuwe Transgenderwet","2023-08-04 15:19:35.617776","84709999680",
"<sqlalchemy.orm.state.InstanceState object at 0x7fc4da7b5370>","2a","60139093466/2023-08-04 15:19:17.890343","0","60139093466/2a/condition2/2023-08-04 15:19:43.769246","condition2","Kritiek op nieuwe Transgenderwet is “boosmakend en transfoob”: Transvrouw vertelt over het belang van de wet","2023-08-04 15:19:43.769246","60139093466",
"<sqlalchemy.orm.state.InstanceState object at 0x7fc4da7b5460>","5d","84709999680/2023-08-04 15:19:35.616830","1","84709999680/5d/condition4/2023-08-04 15:19:44.466987","condition4","Kabinet maakt publiekelijk excuses voor oude Transgenderwet","2023-08-04 15:19:44.466987","84709999680",
"<sqlalchemy.orm.state.InstanceState object at 0x7fc4da7b54c0>","12d","84709999680/2023-08-04 15:19:44.463443","0","84709999680/12d/condition4/2023-08-04 15:19:55.343001","condition4","Lopen vrouwen gevaar in vrouwentoiletten door nieuwe Transgenderwet?","2023-08-04 15:19:55.343001","84709999680",
"<sqlalchemy.orm.state.InstanceState object at 0x7fc4da7b54f0>","4a","28565016000/2023-08-04 15:18:49.280021","0","28565016000/4a/condition3/2023-08-04 15:20:00.411267","condition3","“Een drastische verbetering”: Nieuwe Transgenderwet zorgt voor zucht van verlichting voor transpersonen","2023-08-04 15:20:00.411267","28565016000",
"<sqlalchemy.orm.state.InstanceState object at 0x7fc4da7b55e0>","12a","28565016000/2023-08-04 15:20:00.411352","0","28565016000/12a/condition3/2023-08-04 15:20:10.569469","condition3","Lopen vrouwen dankzij Transgenderwet gevaar in het vrouwentoilet? ‘Onzin! Dit is maar een spookbeeld’, zegt transgender activist Lydia van Doorn","2023-08-04 15:20:10.569469","28565016000",
"<sqlalchemy.orm.state.InstanceState object at 0x7fc4da7b5640>","11a","28565016000/2023-08-04 15:20:10.564695","0","28565016000/11a/condition3/2023-08-04 15:20:15.903858","condition3","Afschuw over postercampagne tegen nieuwe Transgenderwet: 'Misleidend, onnodig en gevaarlijk', zegt transgenderactivist Rico van der Laan","2023-08-04 15:20:15.903858","28565016000",
"<sqlalchemy.orm.state.InstanceState object at 0x7fc4da7b5670>","None","59659610153/2023-08-04 15:19:47.710789","1","59659610153/None/condition3/2023-08-04 15:21:01.603915","condition3","None","2023-08-04 15:21:01.603915","59659610153",
"<sqlalchemy.orm.state.InstanceState object at 0x7fc4da7b5760>","5c","15593392346/2023-08-04 15:18:52.416743","1","15593392346/5c/condition2/2023-08-04 15:21:02.919854","condition2","Lang over tijd: Kabinet maakt eindelijk publiekelijk excuses voor vernederende oude Transgenderwet","2023-08-04 15:21:02.919854","15593392346",
"<sqlalchemy.orm.state.InstanceState object at 0x7fc4da7b57c0>","3b","92699775712/2023-08-04 15:19:52.203683","1","92699775712/3b/condition6/2023-08-04 15:21:05.003097","condition6","Argumenten critici Transgenderwet zijn makkelijk te weerleggen, vindt transman Romero Dalstra","2023-08-04 15:21:05.003097","92699775712",
"<sqlalchemy.orm.state.InstanceState object at 0x7fc4da7b57f0>","3a","94848803547/2023-08-04 15:19:41.024478","0","94848803547/3a/condition3/2023-08-04 15:21:45.214366","condition3","Argumenten critici Transgenderwet “slaan helemaal nergens op”: Transman over waarom de nieuwe wet voor transgender personen zo belangrijk is","2023-08-04 15:21:45.214366","94848803547",
"<sqlalchemy.orm.state.InstanceState object at 0x7fc4da7b58e0>","10d","92699775712/2023-08-04 15:21:04.994836","1","92699775712/10d/condition6/2023-08-04 15:22:01.205048","condition6","CU-minister Adema tekende manifest tegen Transgenderwet, D66 vraagt om intrekking","2023-08-04 15:22:01.205048","92699775712",
"<sqlalchemy.orm.state.InstanceState object at 0x7fc4da7b5940>","3c","44159352537/2023-08-04 15:19:34.285401","1.03","44159352537/3c/condition1/2023-08-04 15:22:02.135503","condition1","Anti-transactivisten maskeren transfobie met beroep op angstgevoelens","2023-08-04 15:22:02.135503","44159352537",
"<sqlalchemy.orm.state.InstanceState object at 0x7fc4da7b5970>","3a","94848803547/2023-08-04 15:22:11.255509","0.96","94848803547/3a/condition3/2023-08-04 15:22:11.262820","condition3","Argumenten critici Transgenderwet “slaan helemaal nergens op”: Transman over waarom de nieuwe wet voor transgender personen zo belangrijk is","2023-08-04 15:22:11.262820","94848803547",
"<sqlalchemy.orm.state.InstanceState object at 0x7fc4da7b5a60>","None","59659610153/2023-08-04 15:21:01.597552","1","59659610153/None/condition3/2023-08-04 15:22:22.210291","condition3","None","2023-08-04 15:22:22.210291","59659610153",
"<sqlalchemy.orm.state.InstanceState object at 0x7fc4da7b5ac0>","3a","94848803547/2023-08-04 15:22:11.255509","0","94848803547/3a/condition3/2023-08-04 15:22:52.359803","condition3","Argumenten critici Transgenderwet “slaan helemaal nergens op”: Transman over waarom de nieuwe wet voor transgender personen zo belangrijk is","2023-08-04 15:22:52.359803","94848803547",
"<sqlalchemy.orm.state.InstanceState object at 0x7fc4da7b5af0>","5b","92699775712/2023-08-04 15:22:01.209738","1","92699775712/5b/condition6/2023-08-04 15:23:03.172683","condition6","Kabinet maakt publiekelijk excuses voor oude Transgenderwet","2023-08-04 15:23:03.172683","92699775712",
"<sqlalchemy.orm.state.InstanceState object at 0x7fc4da7b5be0>","10d","97384042218/2023-08-04 15:23:05.768759","1","97384042218/10d/condition5/2023-08-04 15:23:03.575652","condition5","CU-minister Adema tekende manifest tegen Transgenderwet, D66 vraagt om intrekking","2023-08-04 15:23:03.575652","97384042218",
"<sqlalchemy.orm.state.InstanceState object at 0x7fc4da7b5c40>","10d","97384042218/2023-08-04 15:23:05.768759","1","97384042218/10d/condition5/2023-08-04 15:23:07.306955","condition5","CU-minister Adema tekende manifest tegen Transgenderwet, D66 vraagt om intrekking","2023-08-04 15:23:07.306955","97384042218",
"<sqlalchemy.orm.state.InstanceState object at 0x7fc4da7b5c70>","12c","44159352537/2023-08-04 15:23:33.835540","Infinity","44159352537/12c/condition1/2023-08-04 15:23:33.868557","condition1","Spookbeelden over gevaren in vrouwentoiletten door Transgenderwet zijn onzin","2023-08-04 15:23:33.868557","44159352537",
"<sqlalchemy.orm.state.InstanceState object at 0x7fc4da7b5d60>","11c","44159352537/2023-08-04 15:23:33.835540","Infinity","44159352537/11c/condition1/2023-08-04 15:23:42.335632","condition1","Postercampagne tegen nieuwe Transgenderwet is misleidend, onnodig en gevaarlijk","2023-08-04 15:23:42.335632","44159352537",
"<sqlalchemy.orm.state.InstanceState object at 0x7fc4da7b5dc0>","4c","44159352537/2023-08-04 15:23:42.333398","1.18","44159352537/4c/condition1/2023-08-04 15:23:48.820456","condition1","Eindelijk! Nieuwe Transgenderwet haalt vernederende barriers weg voor transgender personen.","2023-08-04 15:23:48.820456","44159352537",
"<sqlalchemy.orm.state.InstanceState object at 0x7fc4da7b5df0>","12d","97384042218/2023-08-04 15:23:05.768759","1","97384042218/12d/condition5/2023-08-04 15:23:52.798353","condition5","Lopen vrouwen gevaar in vrouwentoiletten door nieuwe Transgenderwet?","2023-08-04 15:23:52.798353","97384042218",
"<sqlalchemy.orm.state.InstanceState object at 0x7fc4da7b5ee0>","12d","97384042218/2023-08-04 15:23:05.768759","1","97384042218/12d/condition5/2023-08-04 15:23:53.696753","condition5","Lopen vrouwen gevaar in vrouwentoiletten door nieuwe Transgenderwet?","2023-08-04 15:23:53.696753","97384042218",
"<sqlalchemy.orm.state.InstanceState object at 0x7fc4da7b5f40>","4b","92699775712/2023-08-04 15:23:03.168947","1","92699775712/4b/condition6/2023-08-04 15:23:54.073121","condition6","Wat houdt de nieuwe transgenderwet in? Wij vroegen transpersonen en -activisten ","2023-08-04 15:23:54.073121","92699775712",
"<sqlalchemy.orm.state.InstanceState object at 0x7fc4da7ba040>","12c","44159352537/2023-08-04 15:23:48.820189","Infinity","44159352537/12c/condition1/2023-08-04 15:24:00.357882","condition1","Spookbeelden over gevaren in vrouwentoiletten door Transgenderwet zijn onzin","2023-08-04 15:24:00.357882","44159352537",
"<sqlalchemy.orm.state.InstanceState object at 0x7fc4da7ba0a0>","11c","44159352537/2023-08-04 15:24:09.207664","Infinity","44159352537/11c/condition1/2023-08-04 15:24:09.207647","condition1","Postercampagne tegen nieuwe Transgenderwet is misleidend, onnodig en gevaarlijk","2023-08-04 15:24:09.207647","44159352537",
"<sqlalchemy.orm.state.InstanceState object at 0x7fc4da7ba100>","1a","76227471802/2023-08-04 15:23:01.528720","0.91","76227471802/1a/condition2/2023-08-04 15:24:14.792792","condition2","Transpersonen over belang nieuwe wet: “Belachelijk, ik moet nu eerst bewijzen dat ik trans genoeg ben”","2023-08-04 15:24:14.792792","76227471802",
"<sqlalchemy.orm.state.InstanceState object at 0x7fc4da7ba130>","3c","44159352537/2023-08-04 15:24:09.207664","Infinity","44159352537/3c/condition1/2023-08-04 15:24:14.540326","condition1","Anti-transactivisten maskeren transfobie met beroep op angstgevoelens","2023-08-04 15:24:14.540326","44159352537",
"<sqlalchemy.orm.state.InstanceState object at 0x7fc4da7ba220>","5d","44159352537/2023-08-04 15:24:14.544365","Infinity","44159352537/5d/condition1/2023-08-04 15:24:20.824585","condition1","Kabinet maakt publiekelijk excuses voor oude Transgenderwet","2023-08-04 15:24:20.824585","44159352537",
"<sqlalchemy.orm.state.InstanceState object at 0x7fc4da7ba280>","5d","44159352537/2023-08-04 15:24:20.823801","Infinity","44159352537/5d/condition1/2023-08-04 15:24:26.571298","condition1","Kabinet maakt publiekelijk excuses voor oude Transgenderwet","2023-08-04 15:24:26.571298","44159352537",
"<sqlalchemy.orm.state.InstanceState object at 0x7fc4da7ba2b0>","2c","44159352537/2023-08-04 15:24:26.574728","Infinity","44159352537/2c/condition1/2023-08-04 15:24:32.965882","condition1","Critici nieuwe Transgenderwet dragen bij aan dehumanisering transpersonen","2023-08-04 15:24:32.965882","44159352537",
"<sqlalchemy.orm.state.InstanceState object at 0x7fc4da7ba3a0>","1a","76227471802/2023-08-04 15:24:14.787396","0.91","76227471802/1a/condition2/2023-08-04 15:24:34.960947","condition2","Transpersonen over belang nieuwe wet: “Belachelijk, ik moet nu eerst bewijzen dat ik trans genoeg ben”","2023-08-04 15:24:34.960947","76227471802",
"<sqlalchemy.orm.state.InstanceState object at 0x7fc4da7ba400>","12c","44159352537/2023-08-04 15:24:32.966694","0","44159352537/12c/condition1/2023-08-04 15:24:43.162535","condition1","Spookbeelden over gevaren in vrouwentoiletten door Transgenderwet zijn onzin","2023-08-04 15:24:43.162535","44159352537",
"<sqlalchemy.orm.state.InstanceState object at 0x7fc4da7ba430>","12b","92699775712/2023-08-04 15:23:54.068027","1","92699775712/12b/condition6/2023-08-04 15:24:46.671262","condition6","Lopen vrouwen dankzij Transgenderwet gevaar in het vrouwentoilet? “Nee”, zegt transgender activist Lydia van Doorn","2023-08-04 15:24:46.671262","92699775712",
"<sqlalchemy.orm.state.InstanceState object at 0x7fc4da7ba520>","11c","76227471802/2023-08-04 15:24:34.957543","0.93","76227471802/11c/condition2/2023-08-04 15:25:09.850099","condition2","Postercampagne tegen nieuwe Transgenderwet is misleidend, onnodig en gevaarlijk","2023-08-04 15:25:09.850099","76227471802",
"<sqlalchemy.orm.state.InstanceState object at 0x7fc4da7ba580>","None","97384042218/2023-08-04 15:23:57.219343","1","97384042218/None/condition5/2023-08-04 15:25:22.908617","condition5","None","2023-08-04 15:25:22.908617","97384042218",
"<sqlalchemy.orm.state.InstanceState object at 0x7fc4da7ba5b0>","11b","92699775712/2023-08-04 15:24:46.674716","1","92699775712/11b/condition6/2023-08-04 15:25:54.740320","condition6","Postercampagne tegen nieuwe Transgenderwet leidt tot kritiek van transgenderorganisaties ","2023-08-04 15:25:54.740320","92699775712",
"<sqlalchemy.orm.state.InstanceState object at 0x7fc4da7ba6a0>","None","59659610153/2023-08-04 15:22:22.206840","1","59659610153/None/condition3/2023-08-04 15:26:29.660735","condition3","None","2023-08-04 15:26:29.660735","59659610153",
"<sqlalchemy.orm.state.InstanceState object at 0x7fc4da7ba700>","12a","61226884433/2023-08-04 15:27:24.122209","1","61226884433/12a/condition3/2023-08-04 15:27:24.128020","condition3","Lopen vrouwen dankzij Transgenderwet gevaar in het vrouwentoilet? ‘Onzin! Dit is maar een spookbeeld’, zegt transgender activist Lydia van Doorn","2023-08-04 15:27:24.128020","61226884433",
"<sqlalchemy.orm.state.InstanceState object at 0x7fc4da7ba730>","5d","43109818776/2023-08-04 15:25:21.044575","1.02","43109818776/5d/condition4/2023-08-04 15:27:33.499143","condition4","Kabinet maakt publiekelijk excuses voor oude Transgenderwet","2023-08-04 15:27:33.499143","43109818776",
"<sqlalchemy.orm.state.InstanceState object at 0x7fc4da7ba820>","4d","87936846113/2023-08-04 15:26:51.538461","1","87936846113/4d/condition4/2023-08-04 15:27:39.171092","condition4","Wat houdt de nieuwe transgenderwet in? Een overzicht van de belangrijkste aanpassingen","2023-08-04 15:27:39.171092","87936846113",
"<sqlalchemy.orm.state.InstanceState object at 0x7fc4da7ba880>","None","59659610153/2023-08-04 15:26:29.660600","0.88","59659610153/None/condition3/2023-08-04 15:28:38.110817","condition3","None","2023-08-04 15:28:38.110817","59659610153",
"<sqlalchemy.orm.state.InstanceState object at 0x7fc4da7ba8b0>","3d","87936846113/2023-08-04 15:27:39.172131","0.95","87936846113/3d/condition4/2023-08-04 15:28:45.217100","condition4","Transgenderwet: wat zeggen de voor- en tegenstanders? Drie populaire argumenten met weerlegging","2023-08-04 15:28:45.217100","87936846113",
"<sqlalchemy.orm.state.InstanceState object at 0x7fc4da7ba9a0>","None","59659610153/2023-08-04 15:28:38.110773","0","59659610153/None/condition3/2023-08-04 15:28:45.506773","condition3","None","2023-08-04 15:28:45.506773","59659610153",
"<sqlalchemy.orm.state.InstanceState object at 0x7fc4da7baa00>","4d","28168368521/2023-08-04 15:27:12.015111","1","28168368521/4d/condition5/2023-08-04 15:29:12.452876","condition5","Wat houdt de nieuwe transgenderwet in? Een overzicht van de belangrijkste aanpassingen","2023-08-04 15:29:12.452876","28168368521",
"<sqlalchemy.orm.state.InstanceState object at 0x7fc4da7baa30>","5d","87936846113/2023-08-04 15:29:14.238657","1","87936846113/5d/condition4/2023-08-04 15:29:14.240138","condition4","Kabinet maakt publiekelijk excuses voor oude Transgenderwet","2023-08-04 15:29:14.240138","87936846113",
"<sqlalchemy.orm.state.InstanceState object at 0x7fc4da7bab20>","12c","15593392346/2023-08-04 15:31:57.253280","1","15593392346/12c/condition2/2023-08-04 15:31:57.264928","condition2","Spookbeelden over gevaren in vrouwentoiletten door Transgenderwet zijn onzin","2023-08-04 15:31:57.264928","15593392346",
"<sqlalchemy.orm.state.InstanceState object at 0x7fc4da7bab80>","1a","15593392346/2023-08-04 15:31:57.253280","1","15593392346/1a/condition2/2023-08-04 15:33:30.050982","condition2","Transpersonen over belang nieuwe wet: “Belachelijk, ik moet nu eerst bewijzen dat ik trans genoeg ben”","2023-08-04 15:33:30.050982","15593392346",
"<sqlalchemy.orm.state.InstanceState object at 0x7fc4da7babb0>","12a","61226884433/2023-08-04 15:27:24.122209","0.82","61226884433/12a/condition3/2023-08-04 15:34:51.219350","condition3","Lopen vrouwen dankzij Transgenderwet gevaar in het vrouwentoilet? ‘Onzin! Dit is maar een spookbeeld’, zegt transgender activist Lydia van Doorn","2023-08-04 15:34:51.219350","61226884433",
"<sqlalchemy.orm.state.InstanceState object at 0x7fc4da7baca0>","2a","61892449581/2023-08-04 19:24:22.913976","1","61892449581/2a/condition2/2023-08-04 19:27:02.238743","condition2","Kritiek op nieuwe Transgenderwet is “boosmakend en transfoob”: Transvrouw vertelt over het belang van de wet","2023-08-04 19:27:02.238743","61892449581",
